{
  "accuracy": 0.8810636004311894,
  "auc": 0.980195213249256,
  "precision": 0.9844851904090268,
  "recall": 0.8187683284457478
}