{
  "loss": 0.3020212948322296,
  "compile_metrics": 0.8823529481887817
}